Name,Entity Type,Role/Authority,Managed AUM,Check Min (USD),Check Max (USD),Check Size,LinkedIn
Abel Moore,Private Capital,Principal,Undisclosed,,,,https://www.linkedin.com/in/abel-moore-5a2017332
Adam Yohanan,Private Capital,Principal,Undisclosed,50000,2000000,$50K – $2M,https://www.linkedin.com/in/adamyo
Adeep Chooramun,Corporate Venture/Treasury,Head of Strategic Investing,Undisclosed,5000,50000,$5K – $50K,https://www.linkedin.com/in/adeep-chooramun
Adithya Pappala,Private Fund of Funds,Managing Partner / GP,Undisclosed,100000,250000,$100K – $250K,https://www.linkedin.com/in/adithya-vc
Agata Załubska-Chudy,PFR Ventures,Managing Partner / GP,$1B+,5400000,32400000,$5.4M – $32.4M,https://www.linkedin.com/in/agata-za%C5%82ubska-chudy
Ajay K Dugar,Single Family Office,Lead Allocator / Principal,$50M-$200M,500000,2500000,$500K – $2.5M,https://www.linkedin.com/in/adugar
Alan Kadish,Private Capital,Principal,Undisclosed,10000,100000,$10K – $100K,https://www.linkedin.com/in/drkadish
Albin George,Single Family Office,Lead Allocator / Principal,$50M-$200M,5000000,30000000,$5M – $30M,https://www.linkedin.com/in/albingeorgesv
Alex Brown,Private Capital,Principal,Undisclosed,25000,250000,$25K – $250K,https://www.linkedin.com/in/abtcv
Alfred Shang,Private Capital,Principal,Undisclosed,100000,500000,$100K – $500K,https://www.linkedin.com/in/alfred-shang-69b77771
Ali Kohla,Corporate Venture/Treasury,Head of Strategic Investing,Undisclosed,,,,https://www.linkedin.com/in/ali-yehia-kohla
Amol Omprakash Agrawal,Corporate Venture/Treasury,Head of Strategic Investing,Undisclosed,10000,100000,$10K – $100K,https://www.linkedin.com/in/amoloagrawal
Andriamihamina Marc Ramilison,Single Family Office,Lead Allocator / Principal,$50M-$200M,500000,12000000,$500K – $12M,https://www.linkedin.com/in/marc-ramilison-0805061a
Anric Blatt,Single Family Office,Lead Allocator / Principal,$50M-$200M,10000000,100000000,$10M – $100M,https://www.linkedin.com/in/anricblatt
Anthony Herman,Corporate Venture/Treasury,Head of Strategic Investing,$50M-$200M,1000000,,$1M+,https://www.linkedin.com/in/anthonyherman
Antonio Negreiros Fernandes,Private Capital,Principal,Undisclosed,5000,20000,$5K – $20K,https://www.linkedin.com/in/antonionegreirosfernandes
Aravind Ujjwal,Institutional Investor,Director / Investment Officer,Undisclosed,50000,250000,$50K – $250K,https://www.linkedin.com/in/aravind-ujjwal
Artem Druzhinin,Single Family Office,Lead Allocator / Principal,Undisclosed,,,,https://www.linkedin.com/in/artemdruzhinin
Arun Sah,Corporate Venture/Treasury,Head of Strategic Investing,Undisclosed,,,,https://www.linkedin.com/in/dr-arun-sah-9b378018
Atul Tetambe,Impact Capital (ICAM),Managing Partner / GP,$1B+,5000000,10000000,$5M – $10M,https://www.linkedin.com/in/atul-tetambe-9760872
Audrey Selian,Rianta / Artha,Lead Allocator / Principal,$1B+,,,,https://www.linkedin.com/in/audrey-selian
Barbara Quasius,Single Family Office,Lead Allocator / Principal,Undisclosed,50000,6000000,$50K – $6M,https://www.linkedin.com/in/barbara-quasius-157564
Barry Chien,Alphatron Capital,Lead Allocator / Principal,$200M-$1B,1000000,1000000,$1M,https://www.linkedin.com/in/barrychien
Beajan Mehrpour,Private Fund of Funds,Managing Partner / GP,Undisclosed,50000,1000000,$50K – $1M,https://www.linkedin.com/company/indhrsfund
Bettina Briz,Private Capital,Principal,$50M-$200M,50000,250000,$50K – $250K,https://www.linkedin.com/in/bettinabriz
Birane Salane Mamadou,Institutional Investor,Director / Investment Officer,Undisclosed,500000,500000,$500K,https://www.linkedin.com/in/biranemamadousalane
Bob Unnold,Single Family Office,Lead Allocator / Principal,Undisclosed,100000,1000000,$100K – $1M,https://www.linkedin.com/in/bob-unnold
Boon Cheong Toh,Private Fund of Funds,Managing Partner / GP,Undisclosed,500000,500000,$500K,https://www.linkedin.com/in/boon-cheong-cfa
Camille Hardman,Private Capital,Principal,Undisclosed,20000,20000,$20K,https://www.linkedin.com/in/camillehardman
Charles,Private Capital,Principal,$50M-$200M,1000000,1000000,$1M,https://www.linkedin.com/in/charlescormierfounder
Chris Chen,Private Capital,Principal,Undisclosed,10000,50000,$10K – $50K,https://www.linkedin.com/in/chrischenofficial
Chris Clark,Private Capital,Principal,$50M-$200M,0,1000000,$0 – $1M,https://www.linkedin.com/in/chris-clark-cfa-38183b1
Chris Rangen,Private Capital,Principal,Undisclosed,,,,https://www.linkedin.com/in/christianrangen
Christophe Schwoertzig,Private Capital,Principal,Undisclosed,,,,https://www.linkedin.com/in/schwoertzig
Christopher Carew,Corporate Venture/Treasury,Head of Strategic Investing,Undisclosed,5000,500000,$5K – $500K,https://www.linkedin.com/in/christophercarew
Christopher Simmins,Private Capital,Principal,$50M-$200M,500000,,$500K+,https://www.linkedin.com/in/cjsimmins
Collin J Groves,Single Family Office,Lead Allocator / Principal,$50M-$200M,3000000,3000000,$3M,https://www.linkedin.com/in/collingroves
Craig Warren,Single Family Office,Lead Allocator / Principal,Undisclosed,,,,https://www.linkedin.com/in/craig-warren-5917b822
Dallies Lim,Single Family Office,Lead Allocator / Principal,$50M-$200M,1000000,5000000,$1M – $5M,https://www.linkedin.com/in/dallies-lim-73317b135
Daniel Cerone,Private Capital,Principal,Undisclosed,25000,100000,$25K – $100K,Www.linkedin.com/danielcerone
Daniel Ekenedilichukwu Ngidi,Private Capital,Principal,Undisclosed,,,,https://www.linkedin.com/in/daniel-ekene-ngidi-3a90245a
Daniel Otto,Gresham House,Director / Investment Officer,$1B+,,,,https://www.linkedin.com/in/daniel-j-otto-cfa-76697349
Daniel P Corrao,Private Capital,Principal,Undisclosed,,,,https://www.linkedin.com/in/dancorrao
Daniel Sloan,Commonfund,Head of Strategic Investing,$1B+,10000000,10000000,$10M,https://www.linkedin.com/in/sloandaniel
Daniel Soyombo,Private Capital,Principal,Undisclosed,,,,https://www.linkedin.com/in/dashnyam-soyombo-860882103
Daria Kalatcheva,Institutional Investor,Director / Investment Officer,Undisclosed,,,,https://www.linkedin.com/in/daria-alexia
David Lee,Single Family Office,Lead Allocator / Principal,$50M-$200M,1000000,5000000,$1M – $5M,https://www.linkedin.com/in/davidhyungteklee
Desiree Vargas Wrigley,Private Fund of Funds,Managing Partner / GP,$50M-$200M,250000,1000000,$250K – $1M,https://www.linkedin.com/in/desireevw
Dominique Wagner,Valvest,Lead Allocator / Principal,$50M-$200M,,,,https://www.linkedin.com/in/dominique-alain-wagner-13065460
Dr Tahani M Mohamed,Institutional Investor,Director / Investment Officer,Undisclosed,,,,https://www.linkedin.com/in/dr-tahani-mohamed-b16b2a5b
Dr. Erik Reis,Private Capital,Principal,Undisclosed,0,250000,$0 – $250K,https://www.linkedin.com/in/drerikreis
Dr. Vishal Gandhi,Single Family Office,Lead Allocator / Principal,$50M-$200M,500000,1000000,$500K – $1M,https://www.linkedin.com/in/drvishal-gandhi
Drew Tulchin,Private Capital,Principal,Undisclosed,10000,500000,$10K – $500K,https://www.linkedin.com/in/drewtulchin
Eduard Musinschi,Private Capital,Principal,Undisclosed,20000,500000,$20K – $500K,https://www.linkedin.com/in/lifespanguarantee
Ehsan Haghighi,EIF,Managing Partner / GP,$1B+,5400000,216000000,$5.4M – $216M,https://www.linkedin.com/in/ehsan-haghighi-cfa-caia-3885491
Elisabeth Cabanas Monfort,Single Family Office,Lead Allocator / Principal,$50M-$200M,200000,20000000,$200K – $20M,https://www.linkedin.com/in/elisabeth-cabanas
Emanuele Toseti,Single Family Office,Lead Allocator / Principal,$50M-$200M,,,,https://www.linkedin.com/in/emanuele-jari-tosetti
Eric Marchand,Private Fund of Funds,Managing Partner / GP,Undisclosed,,,,https://www.linkedin.com/in/ebmarchand
Eric White,Single Family Office,Lead Allocator / Principal,$50M-$200M,25000,2000000,$25K – $2M,https://www.linkedin.com/in/theericwhite
Esther Mwangi,Private Capital,Principal,Undisclosed,5000,5000,$5K,https://www.linkedin.com/in/esther-mwangipmp
Eugene Palcheuski,Private Capital,Principal,Undisclosed,25000,25000,$25K,https://www.linkedin.com/in/palcheuski
Eve Somodi,Single Family Office,Lead Allocator / Principal,Undisclosed,100000,5000000,$100K – $5M,https://www.linkedin.com/in/evelin-somodi-5a5582127
Francesco Brunetti,Private Fund of Funds,Managing Partner / GP,Undisclosed,540000,8100000,$540K – $8.1M,https://www.linkedin.com/in/francesco-brunetti-6aa326142
Fuad S,Single Family Office,Lead Allocator / Principal,Undisclosed,150000,150000,$150K,https://www.linkedin.com/in/fsraden
Gareth Jefferies,Single Family Office,Lead Allocator / Principal,$50M-$200M,250000,2000000,$250K – $2M,https://www.linkedin.com/in/gareth-jefferies
Gavin Mcinnes,Corporate Venture/Treasury,Head of Strategic Investing,$50M-$200M,500000,250000000,$500K – $250M,https://www.linkedin.com/in/gavin-mcinnes-2b646832b
Gbenga Olomola,Single Family Office,Lead Allocator / Principal,$50M-$200M,100000,1000000,$100K – $1M,https://www.linkedin.com/in/gbenga-olomola-26b704201
Georg Schwarzkopf,Single Family Office,Lead Allocator / Principal,Undisclosed,200000,500000,$200K – $500K,https://www.linkedin.com/in/georg-von-schwarzkopf
Grace Moore,Single Family Office,Lead Allocator / Principal,Undisclosed,,,,https://www.linkedin.com/in/jingwun
Guilherme Vanzin,Single Family Office,Lead Allocator / Principal,Undisclosed,1000000,10000000,$1M – $10M,https://www.linkedin.com/in/guilhermevanzin
Guillermo Juarez,Corporate Venture/Treasury,Head of Strategic Investing,Undisclosed,500000,5000000,$500K – $5M,https://www.linkedin.com/in/guillermo-juarez
Harry Chu,Single Family Office,Lead Allocator / Principal,$1B+,,,,https://www.linkedin.com/in/harry-chu-41058723a
Heather Hartnett,Single Family Office,Lead Allocator / Principal,$50M-$200M,250000,2000000,$250K – $2M,https://www.linkedin.com/in/heatherhartnett
Hicham Najem,Private Family Office,Lead Allocator / Principal,$50M-$200M,500000,2000000,$500K – $2M,https://www.linkedin.com/in/hichamnajem
Ihar Mahaniok,Private Capital,Principal,Undisclosed,5000,100000,$5K – $100K,https://www.linkedin.com/in/mahaniok
Irene Zhang,Gresham Partners,Lead Allocator / Principal,$1B+,50000,5000000,$50K – $5M,https://www.linkedin.com/in/irenezhangspeaks
Islomjon Atajonov,Private Capital,Principal,$50M-$200M,0,1200000,$0 – $1.2M,https://www.linkedin.com/in/islomjon-atajonov-b2867512a
Izi Mizrahi,Single Family Office,Lead Allocator / Principal,Undisclosed,100000,300000,$100K – $300K,https://www.linkedin.com/in/isak-izi-mizrahi
Jake Crowley,Private Capital,Principal,Undisclosed,5000000,5000000,$5M,https://www.linkedin.com/in/jake-crowley-tx
Janet Lee,Private Fund of Funds,Managing Partner / GP,Undisclosed,20000,100000,$20K – $100K,https://www.linkedin.com/in/janetleell
Janice Dru-Bennett,Corporate Venture/Treasury,Head of Strategic Investing,Undisclosed,10000,250000,$10K – $250K,https://www.linkedin.com/in/janicedru
Jason Butcher,Single Family Office,Lead Allocator / Principal,Undisclosed,25000,25000,$25K,https://www.linkedin.com/in/jasonbutcher
Jat Kara,Single Family Office,Lead Allocator / Principal,$50M-$200M,1000000,20000000,$1M – $20M,https://www.linkedin.com/in/jat-kara-21b5041
Jaye Miller,Private Fund of Funds,Managing Partner / GP,Undisclosed,,,,https://www.linkedin.com/in/jayemillerofficial
Jayren Teo,Single Family Office,Lead Allocator / Principal,Undisclosed,1000000,50000000,$1M – $50M,https://www.linkedin.com/in/teojianrong
Jerome Beard,Private Capital,Principal,Undisclosed,25000,250000,$25K – $250K,https://www.linkedin.com/in/jerome-beard-a581272
Jesse Rodgers,Private Fund of Funds,Managing Partner / GP,$50M-$200M,100000,1000000,$100K – $1M,https://www.linkedin.com/in/jesserodgersbfi
John Yankanich,Private Capital,Principal,Undisclosed,25000,500000,$25K – $500K,https://www.linkedin.com/in/johnyankanich
Jordan Fox,Single Family Office,Lead Allocator / Principal,Undisclosed,25000,2500000,$25K – $2.5M,N/a
Jose Martinez,Single Family Office,Lead Allocator / Principal,$50M-$200M,100000,50000000,$100K – $50M,https://www.linkedin.com/in/josecmartinez
Joyce Liao,Private Fund of Funds,Managing Partner / GP,Undisclosed,100000,500000,$100K – $500K,https://www.linkedin.com/in/joyceliao0620
Judyanna Yu,Private Capital,Principal,Undisclosed,50000,150000,$50K – $150K,https://www.linkedin.com/in/judyanna
Julia Biberdorf,Single Family Office,Lead Allocator / Principal,$50M-$200M,20000000,,$20M+,https://www.linkedin.com/in/julia-biberdorf
Justin Briggs,Single Family Office,Lead Allocator / Principal,$50M-$200M,10000000,30000000,$10M – $30M,https://www.linkedin.com/in/briggsly
Karl Pichler,Single Family Office,Lead Allocator / Principal,Undisclosed,200000,2000000,$200K – $2M,https://www.linkedin.com/in/karl-pichler
Karol Koć,Single Family Office,Lead Allocator / Principal,$50M-$200M,100000,,$100K+,https://www.linkedin.com/in/karolkamilkoc
Karsten Obert,Private Capital,Principal,Undisclosed,,,,karsten.obert
Katheryn Idrovo,Single Family Office,Lead Allocator / Principal,$50M-$200M,20000000,100000000,$20M – $100M,https://www.linkedin.com/in/katheryn-idrovo-cfa-888946109
Kevin M Brophy,Private Capital,Principal,Undisclosed,10000,100000,$10K – $100K,https://www.linkedin.com/in/brophyk
Lang Cui,Single Family Office,Lead Allocator / Principal,$1B+,,,,https://www.linkedin.com/in/langcui
Larry Liu,Private Capital,Principal,Undisclosed,10000,100000,$10K – $100K,https://www.linkedin.com/in/larryliulcs
Lee Fan,Surge Capital,Lead Allocator / Principal,$200M-$1B,,,,https://www.linkedin.com/in/leefan
Lior Elkan,Private Capital,Principal,Undisclosed,,,,https://www.linkedin.com/in/liorelkan
Lorcan Bannon,Corporate Venture/Treasury,Head of Strategic Investing,$50M-$200M,1080000,4320000,$1.1M – $4.3M,https://www.linkedin.com/in/lorcanbannon
Lou V Carpino,Single Family Office,Lead Allocator / Principal,$50M-$200M,10000,500000,$10K – $500K,https://www.linkedin.com/in/loucarpino
Madhavi Jain,Private Fund of Funds,Managing Partner / GP,$50M-$200M,500000,3000000,$500K – $3M,https://www.linkedin.com/in/madhavinadejain
Marc Held,Private Capital,Principal,Undisclosed,50000,1000000,$50K – $1M,https://www.linkedin.com/in/mheld
Marcus Heurlin Lunding,Institutional Investor,Director / Investment Officer,Undisclosed,,,,https://www.linkedin.com/in/marcuslunding
Margeaux Doremus,Single Family Office,Lead Allocator / Principal,Undisclosed,10000,500000,$10K – $500K,https://www.linkedin.com/in/margeauxdoremus
Mark Cook,JLL / Multi-Family Office,Lead Allocator / Principal,$1B+,1080000,5400000,$1.1M – $5.4M,https://www.linkedin.com/in/mark-cook-79b3b0
Mark Masterson,Single Family Office,Lead Allocator / Principal,Undisclosed,,,,https://www.linkedin.com/in/mark-masterson-40bb806
Mary Berg,Private Capital,Principal,$50M-$200M,1000000,5000000,$1M – $5M,https://www.linkedin.com/in/maryhylo
Matias Sueldo,Single Family Office,Lead Allocator / Principal,Undisclosed,100000,3000000,$100K – $3M,https://www.linkedin.com/in/matias-a-sueldo
Matthias Hille,Private Fund of Funds,Managing Partner / GP,$50M-$200M,50000,2000000,$50K – $2M,https://www.linkedin.com/in/matthiashille
Mayura Garg,Single Family Office,Lead Allocator / Principal,Undisclosed,,,,https://www.linkedin.com/in/mayuragarg
Melih Herman Simon,Single Family Office,Lead Allocator / Principal,$50M-$200M,1000000,2000000,$1M – $2M,https://www.linkedin.com/in/melihherman
Michael Nolan,Single Family Office,Lead Allocator / Principal,$50M-$200M,1000000,5000000,$1M – $5M,https://www.linkedin.com/in/michael-nolan-01a2432
Michael Parmar,Single Family Office,Lead Allocator / Principal,$50M-$200M,100000,1000000,$100K – $1M,https://www.linkedin.com/in/michael-parmar-b4890395
Michael Yiin,Single Family Office,Lead Allocator / Principal,Undisclosed,100000,100000,$100K,https://www.linkedin.com/in/michael-yiin-scnesgchampion
Michel Leitz,4FOX Management,Lead Allocator / Principal,$50M-$200M,1080000,5400000,$1.1M – $5.4M,https://www.linkedin.com/in/michel-leitz-747201121
Miguel Garcia Castillo,Corporate Venture/Treasury,Head of Strategic Investing,$50M-$200M,,,,https://www.linkedin.com/in/mgarcast
Mike Sigal,Private Capital,Principal,Undisclosed,5000,50000,$5K – $50K,https://www.linkedin.com/in/mikesigal
Mildred S,Single Family Office,Lead Allocator / Principal,Undisclosed,5000,1000000,$5K – $1M,linkedin.com/mimi-i
Misha Kryukov,Single Family Office,Lead Allocator / Principal,Undisclosed,0,10000000,$0 – $10M,https://www.linkedin.com/in/mikhail-kryukov
Mishack Osadebe,Corporate Venture/Treasury,Head of Strategic Investing,Undisclosed,500000,500000,$500K,https://www.linkedin.com/in/mishack-osadebe-917178131
Mona Ali,Private Capital,Principal,Undisclosed,10000,100000,$10K – $100K,https://www.linkedin.com/in/muna-ali
Nancy Coblenz,Single Family Office,Lead Allocator / Principal,Undisclosed,500000,4000000,$500K – $4M,https://www.linkedin.com/in/nancycoblenz
Natalie Ngai,Single Family Office,Lead Allocator / Principal,Undisclosed,,,,https://www.linkedin.com/in/nataliengai
Ndidiamaka Obadan,Private Fund of Funds,Managing Partner / GP,Undisclosed,50000,50000,$50K,https://www.linkedin.com/in/dr-ndidiamaka-obadan-md-ms-fasn
Neetu Puranikmath,Cooper Family Office,Lead Allocator / Principal,$1B+,,,,https://www.linkedin.com/in/neetupuranikmath
Nitin Agrawal,Single Family Office,Lead Allocator / Principal,$50M-$200M,5000000,20000000,$5M – $20M,https://www.linkedin.com/in/nitin-agrawal71195
Oleg Golynker,Private Capital,Principal,$50M-$200M,20000,1500000,$20K – $1.5M,https://www.linkedin.com/in/oleggolynker
Pankaj Bagga,Private Capital,Principal,Undisclosed,5000,250000,$5K – $250K,https://www.linkedin.com/in/pankaj-bagga
Paolo Privitera,ME Ventures,Lead Allocator / Principal,$200M-$1B,100000,10000000,$100K – $10M,https://www.linkedin.com/in/paoloprivitera
Paul V Fishback,Private Capital,Principal,Undisclosed,100000,250000,$100K – $250K,https://www.linkedin.com/in/paul-fishback
Peter Weisz,Single Family Office,Lead Allocator / Principal,$50M-$200M,20000000,20000000,$20M,https://www.linkedin.com/in/peter-weisz
Philippe Mossier,Single Family Office,Lead Allocator / Principal,Undisclosed,,,,https://www.linkedin.com/in/philippemossier
Pras Hanuma,Private Capital,Principal,$50M-$200M,50000,1000000,$50K – $1M,https://www.linkedin.com/in/pras-hanuma
Probal Lala,Private Capital,Principal,Undisclosed,25000,100000,$25K – $100K,https://www.linkedin.com/in/proballala
Prolet Miteva,Private Capital,Principal,Undisclosed,25000,200000,$25K – $200K,https://www.linkedin.com/in/prolet
Radu Skutaru,Private Fund of Funds,Managing Partner / GP,$50M-$200M,50000000,500000000,$50M – $500M,https://www.linkedin.com/in/raduskutaru
Raja Rajeev Kumar,Single Family Office,Lead Allocator / Principal,Undisclosed,10000,5000000,$10K – $5M,https://www.linkedin.com/in/rajeevkumarraja
Rajeev Khandelwal Khandelwal,Single Family Office,Lead Allocator / Principal,$50M-$200M,3000000,25000000,$3M – $25M,https://www.linkedin.com/in/rajeev-khandelwal-8b355418
Ramona Fellmy,Private Capital,Principal,Undisclosed,50000,250000,$50K – $250K,https://www.linkedin.com/in/dappdet
Raul Dumitras,Private Fund of Funds,Managing Partner / GP,$50M-$200M,2000000,2000000,$2M,https://www.linkedin.com/in/rgdumitras
Reetu Gupta,Private Capital,Principal,Undisclosed,10000,25000,$10K – $25K,https://www.linkedin.com/in/guptareetu
Reinhard Martens,Private Capital,Principal,Undisclosed,20000,100000,$20K – $100K,https://www.linkedin.com/in/reinhardmartens
Revathy Sivasankaran,Private Fund of Funds,Managing Partner / GP,Undisclosed,5000,25000,$5K – $25K,https://www.linkedin.com/in/reva0
Richard Lipkin,Easton Capital,Principal,$200M-$1B,25000,250000,$25K – $250K,https://www.linkedin.com/in/richard-lipkin-9a84a
Rick Krause,Private Capital,Principal,Undisclosed,20000,200000,$20K – $200K,https://www.linkedin.com/in/rick-krause
Robin Teurlings,Single Family Office,Lead Allocator / Principal,Undisclosed,5000,100000,$5K – $100K,https://www.linkedin.com/in/robinteurlings
Rod Cherkas,Private Capital,Principal,Undisclosed,10000,200000,$10K – $200K,https://www.linkedin.com/in/rodcherkas
Roger Hagen,Private Capital,Principal,Undisclosed,35000,50000,$35K – $50K,https://www.linkedin.com/in/rogbert6
Ron Sasson,Institutional Investor,Director / Investment Officer,Undisclosed,10000,2000000,$10K – $2M,https://www.linkedin.com/in/skylernetwork-ronsasson
Rupender Singh,Single Family Office,Lead Allocator / Principal,$50M-$200M,1000000,10000000,$1M – $10M,https://www.linkedin.com/in/rupender-singh-249591bb
Ryan Baird,Single Family Office,Lead Allocator / Principal,$1B+,,,,https://www.linkedin.com/in/ryandbaird
Saim Abbasi,Private Capital,Principal,Undisclosed,50000,250000,$50K – $250K,https://www.linkedin.com/in/saimabbasi
Sandy Harrison,Institutional Investor,Director / Investment Officer,$50M-$200M,250000,5000000,$250K – $5M,https://www.linkedin.com/in/william-sandy-harrison-99b52a21
Saumya Banker,Single Family Office,Lead Allocator / Principal,Undisclosed,10000,250000,$10K – $250K,https://www.linkedin.com/in/saumyabanker
Scott Heyes,Single Family Office,Lead Allocator / Principal,Undisclosed,25000,100000,$25K – $100K,https://www.linkedin.com/in/scottheyes
Scott Needham,Single Family Office,Lead Allocator / Principal,Undisclosed,,,,https://www.linkedin.com/in/scott-needham
Sergei Balakirev,Single Family Office,Lead Allocator / Principal,Undisclosed,,,,https://www.linkedin.com/in/sergeibalakirev
Sharon Liu,Private Fund of Funds,Managing Partner / GP,$1B+,,,,https://www.linkedin.com/in/sharonshuiyin
Sheetal Bansal,Single Family Office,Lead Allocator / Principal,Undisclosed,25000,500000,$25K – $500K,https://www.linkedin.com/in/sheetalbansal
Sheyla Felix,Single Family Office,Lead Allocator / Principal,$50M-$200M,100000,1000000,$100K – $1M,https://www.linkedin.com/in/sheelix
Sid Kapur,Single Family Office,Lead Allocator / Principal,$50M-$200M,2000000,25000000,$2M – $25M,https://www.linkedin.com/in/sidkapur
Sorielle Ndjoumbi,Single Family Office,Lead Allocator / Principal,Undisclosed,,,,https://www.linkedin.com/in/sorielle-ndjoumbi
Sriram Sundararajan,Single Family Office,Lead Allocator / Principal,Undisclosed,50000,500000,$50K – $500K,https://www.linkedin.com/in/sundararajan
Stephan Bosman,Private Fund of Funds,Managing Partner / GP,Undisclosed,250000,5000000,$250K – $5M,https://www.linkedin.com/in/sjbosman
Stephanie Mathern,Single Family Office,Lead Allocator / Principal,$50M-$200M,100000,2000000,$100K – $2M,https://www.linkedin.com/in/stephanie-mathern-b4074b29
Sudhir Sathiyamoorthy,Private Capital,Principal,$50M-$200M,1000000,1000000,$1M,https://www.linkedin.com/in/sudhirsathiyan
Sumit Patel,Institutional Investor,Director / Investment Officer,$50M-$200M,10000,1000000,$10K – $1M,Linkedin.com/sumitkp
Suraj Rajwani,Single Family Office,Lead Allocator / Principal,Undisclosed,10000,10000,$10K,https://www.linkedin.com/in/surajkumarrajwani
Tal Florentin,Private Capital,Principal,Undisclosed,25000,300000,$25K – $300K,https://www.linkedin.com/in/tal-florentin-974582180
Tibor Luca,Bluecap,Lead Allocator / Principal,$200M-$1B,,,,https://www.linkedin.com/in/tiborluka
Tiffany Gonzalez,Private Capital,Principal,Undisclosed,10000,300000,$10K – $300K,https://www.linkedin.com/in/tiffanygonzalez42
Tim Santos,Private Capital,Principal,Undisclosed,,,,https://www.linkedin.com/in/internetoftim
Todd Breeden,Private Fund of Funds,Managing Partner / GP,$50M-$200M,1000000,3000000,$1M – $3M,https://www.linkedin.com/in/tpbreeden
Tor-Oskar Karlberg,Single Family Office,Lead Allocator / Principal,$50M-$200M,108000,3240000,$108K – $3.2M,https://www.linkedin.com/in/tor-oskar
Urgan Chodon,Private Fund of Funds,Managing Partner / GP,$50M-$200M,1000000,20000000,$1M – $20M,https://www.linkedin.com/in/urganchodon
Vaibhav Agrawal,Private Capital,Principal,$50M-$200M,25000,1000000,$25K – $1M,https://www.linkedin.com/in/drvaibhavagrawal
Viren Aul,Single Family Office,Lead Allocator / Principal,Undisclosed,,,,https://www.linkedin.com/in/virenaul
Viviane Mao,Private Capital,Principal,Undisclosed,10000,10000,$10K,https://www.linkedin.com/in/vivianemao
Warren Wheatley,Altvest Capital,Director / Investment Officer,$1B+,3000000,30000000,$3M – $30M,https://www.linkedin.com/in/warren-wheatley-13709644
Wen Shiau,Single Family Office,Lead Allocator / Principal,$50M-$200M,50000,5000000,$50K – $5M,https://www.linkedin.com/in/hws86
William Salter,Single Family Office,Lead Allocator / Principal,$50M-$200M,6350000,6350000,$6.3M,https://www.linkedin.com/in/williamsalter
Wilson Kosisochukwu,Private Fund of Funds,Managing Partner / GP,Undisclosed,,,,https://www.linkedin.com/in/wilson-kosisochukwu-a79775274
Yannick Kizito,Single Family Office,Lead Allocator / Principal,$50M-$200M,1000000,20000000,$1M – $20M,https://www.linkedin.com/in/yannick-kizito-217a80196
Yenvy Truong,Institutional Investor,Director / Investment Officer,$50M-$200M,,,,https://www.linkedin.com/in/yenvy-truong-93185616
Zain Hasan,Institutional Investor,Director / Investment Officer,Undisclosed,3000,1000000,$3K – $1M,https://www.linkedin.com/in/zainshasan
