name,type,location,website,source
"STS Ventures","Family Office","Cologne, Germany","sts-ventures.de","folk-european-family-offices-founders"
"Müller-Möhl Group","Family Office","Zurich, Switzerland","mm-grp.com","folk-european-family-offices-founders"
"Extorel","Family Office","Munich, Germany","extorel.de","folk-european-family-offices-founders"
"Frog Capital","Family Office","London, United Kingdom","frogcapital.com","folk-european-family-offices-founders"
"Plurigestion","Family Office","Geneva, Switzerland","pleion.ch","folk-european-family-offices-founders"
"Schneider Family Office","Family Office","Alfter, Germany","linkedin.com/in/ACwAAAAFQGgBY520QalzkZ3kbF_dtYelPTTiGyI/","folk-european-family-offices-founders"
"Alpheus Capital Limited","Family Office","London, United Kingdom","alpheuscapital.com","folk-european-family-offices-founders"
"K5 Family Office","Family Office","Munich, Germany","k5.ag","folk-european-family-offices-founders"
"Backstage","Family Office","Stockholm, Sweden","backstage.se","folk-european-family-offices-founders"
"Horizon21","Family Office","Pfaeffikon, Switzerland","horizon21.com","folk-european-family-offices-founders"
"HPC Germany","Family Office","Potsdam, Germany","hpc-office.com","folk-european-family-offices-founders"
"Batofin Oy Ab","Family Office","Helsinki, Finland","batofin.fi","folk-european-family-offices-founders"
"AtlasInvest","Family Office","Brussels, Belgium","atlasinvest.be","folk-european-family-offices-founders"
"Acropolis Capital","Family Office","London, United Kingdom","acropolis-capital.com","folk-european-family-offices-founders"
"Marcuard Family Office","Family Office","Zurich, Switzerland","marcuardfamilyoffice.com","folk-european-family-offices-founders"
"White Cloud Capital","Family Office","London, United Kingdom","whcloud.com","folk-european-family-offices-founders"
"Kima Ventures","Family Office","Paris, France","kimaventures.com","folk-european-family-offices-founders"
"Cofra Holding","Family Office","Zug, Switzerland","cofraholding.com","folk-european-family-offices-founders"
"Groupe Arnault","Family Office","Paris, France","","folk-european-family-offices-founders"
"Finance Private Group","Family Office","Lisbon, Portugal","financeprivategroup.com","folk-european-family-offices-founders"
"LJ Partnership","Family Office","London, United Kingdom","ljpartnership.com","folk-european-family-offices-founders"
"Arabella Vermögensverwaltung","Family Office","Chur, Switzerland","arabella-finanz.ch","folk-european-family-offices-founders"
"Coral Reef IO","Family Office","London, United Kingdom","coralreef.io","folk-european-family-offices-founders"
"WEGA Invest","Family Office","Munich, Germany","","folk-european-family-offices-founders"
"MJ&Cie","Family Office","Paris, France","mj-et-cie.com","folk-european-family-offices-founders"
"EX.TRA Management","Family Office","Dortmund, Germany","extraindustries.com","folk-european-family-offices-founders"
"Spectrum Value Management","Family Office","Rapperswil-Jona, Switzerland","s-vm.com","folk-european-family-offices-founders"
"Calibrium","Family Office","Zurich, Switzerland","clbrm.com","folk-european-family-offices-founders"
"Reig Capital","Family Office","Andorra, Andorra","reigcapital.com","folk-european-family-offices-founders"
"Matter Group","Family Office","Zurich, Switzerland","mattergroup.ch","folk-european-family-offices-founders"
"Mende Family Office","Family Office","Karlsruhe, Germany","mende.de","folk-european-family-offices-founders"
"AQAL Capital","Family Office","Munich, Germany","aqalcapital.com","folk-european-family-offices-founders"
"Commenda Family Office","Family Office","Amsterdam, Netherlands","commenda.eu","folk-european-family-offices-founders"
"FS Finance Suisse","Family Office","Zurich, Switzerland","financesuisse.com","folk-european-family-offices-founders"
"Willsfort","Family Office","-, Georgia","willsfort.com","folk-european-family-offices-founders"
"Denarius Conseils & Gestion","Family Office","Geneva, Switzerland","denarius.ch","folk-european-family-offices-founders"
"Arts Alliance","Family Office","London, United Kingdom","artsalliance.co.uk","folk-european-family-offices-founders"
"Tengelmann Ventures","Family Office","Mülheim ad Ruhr, Germany","tev.de","folk-european-family-offices-founders"
"Global Founders Capital","Family Office","London, United Kingdom","globalfounders.vc","folk-european-family-offices-founders"
"Gullspang Invest","Family Office","Stockholm, Sweden","gullspanginvest.se","folk-european-family-offices-founders"
"Clear Eight Capital","Family Office","Geneva, Switzerland","cleareight.com","folk-european-family-offices-founders"
"General Oriental Investments","Family Office","Geneva, Switzerland","generaloriental.com","folk-european-family-offices-founders"
"C4 Ventures","Family Office","London, United Kingdom","c4v.com","folk-european-family-offices-founders"
"Playfair Capital","Family Office","London, United Kingdom","playfaircapital.com","folk-european-family-offices-founders"
"Floreat Family Office Services","Family Office","London, United Kingdom","floreatgroup.com","folk-european-family-offices-founders"
"Amorim Holding II","Family Office","Mozelos, Portugal","grupoamericoamorim.com","folk-european-family-offices-founders"
"Berlin-Kahn-Mackay Family Trust","Family Office","Gibraltar, Gibraltar","berlinkahn.com","folk-european-family-offices-founders"
"Wren Investment Office","Family Office","London, United Kingdom","wreninvestmentoffice.com","folk-european-family-offices-founders"
"Helvetic Trust","Family Office","Bern, Switzerland","helvetic-trust.ch","folk-european-family-offices-founders"
"CI Investments","Family Office","Lugano, Switzerland","ciinvestments.org","folk-european-family-offices-founders"
"Seppelfricke & Co. Family Office","Family Office","Dusseldorf, Germany","seppelfricke-family-office.de","folk-european-family-offices-founders"
"White Star Capital","Family Office","London, United Kingdom","whitestarvc.com","folk-european-family-offices-founders"
"Heilemann Ventures","Family Office","Berlin, Germany","heilemann-ventures.com","folk-european-family-offices-founders"
"SOAVE Asset Management","Family Office","Lugano, Switzerland","soaveam.com","folk-european-family-offices-founders"
"Matcorp Investments","Family Office","Hoofddorp, Netherlands","matcorp.nl","folk-european-family-offices-founders"
"Verlinvest","Family Office","Brussels, Belgium","verlinvest.be","folk-european-family-offices-founders"
"Asset Management Partners","Family Office","Baar, Switzerland","assetmanagementpartners.ch","folk-european-family-offices-founders"
"Krüger Family Office","Family Office","Siegburg, Germany","krueger-family-office.de","folk-european-family-offices-founders"
"Otium Capital","Family Office","Paris, France","otiumcapital.com","folk-european-family-offices-founders"
"W Investments","Family Office","London, United Kingdom","","folk-european-family-offices-founders"
"Reinicke Family Office","Family Office","Baden-Baden, Germany","r-fo.de","folk-european-family-offices-founders"
"Kizoo Ventures","Family Office","Karlsruhe, Germany","kizoo.com","folk-european-family-offices-founders"
"Dresselhaus Ventures","Family Office","Berlin, Germany","dresselhaus.com","folk-european-family-offices-founders"
"First Fellow Partners","Family Office","Helsinki, Finland","firstfellow.com","folk-european-family-offices-founders"
"Neon Adventures","Family Office","London, United Kingdom","neonadventures.com","folk-european-family-offices-founders"
"Hasso Plattner Ventures","Family Office","Berlin, Germany","hp-ventures.com","folk-european-family-offices-founders"
"Atlant Capital","Family Office","Luxembourg, Luxembourg","atlant-capital.com","folk-european-family-offices-founders"
"H. Bruderer Vermögensverwaltung","Family Office","Zurich, Switzerland","hbvag.ch","folk-european-family-offices-founders"
"Armada Investment Group","Family Office","Kusnacht, Switzerland","armada.com","folk-european-family-offices-founders"
"Landert Family Office","Family Office","Zurich, Switzerland","landert.ch","folk-european-family-offices-founders"
"Flossbach von Storch","Family Office","Köln, Germany","flossbachvonstorch.de","folk-european-family-offices-founders"
"Alfvén & Didrikson","Family Office","Stockholm, Sweden","didriksonpartners.com","folk-european-family-offices-founders"
"Forum Family Office","Family Office","Munich, Germany","forumgruppe.de","folk-european-family-offices-founders"
"Firestartr","Family Office","London, United Kingdom","firestartr.co","folk-european-family-offices-founders"
"Andosins Capital","Family Office","Andorra, Andorra","andosinscapital.com","folk-european-family-offices-founders"
"Kalbert Family Office","Family Office","Munich, Germany","kalbertfamilyoffice.com","folk-european-family-offices-founders"
"Consensus Business Group","Family Office","London, United Kingdom","cbg.uk.com","folk-european-family-offices-founders"
"Aurec Capital Group","Family Office","Berlin, Germany","aurecre.de","folk-european-family-offices-founders"
"Genthod Global Wealth Management","Family Office","Geneva, Switzerland","ggwm.ch","folk-european-family-offices-founders"
"Stanhope Capital","Family Office","London, United Kingdom","stanhopecapital.com","folk-european-family-offices-founders"
"ATAG Private & Corporate Services","Family Office","Basel, Switzerland","atag-pcs.ch","folk-european-family-offices-founders"
"RubyLight","Family Office","Riga, Latvia","rubylight.com","folk-european-family-offices-founders"
"KIRKBI A/S","Family Office","Billund, Denmark","kirkbi.com","folk-european-family-offices-founders"
"Souter Investments","Family Office","Edinburgh, Scotland","souterinvestments.com","folk-european-family-offices-founders"
"Baumgartner Family Office","Family Office","Zurich, Switzerland","bfoag.ch","folk-european-family-offices-founders"
"Selfinvest Family Office","Family Office","Middelfart, Denmark","","folk-european-family-offices-founders"
"Stockdale Street","Family Office","London, United Kingdom","","folk-european-family-offices-founders"
"Motu Ventures","Family Office","Berlin, Germany","motuventures.com","folk-european-family-offices-founders"
"JamJar Investments","Family Office","London, United Kingdom","jamjarinvestments.com","folk-european-family-offices-founders"
"WestTech Ventures","Family Office","Berlin, Germany","westtechventures.de","folk-european-family-offices-founders"
"Quilvest Switzerland","Family Office","Paris, France","quilvest.com","folk-european-family-offices-founders"
"Deutsche Oppenheim Family Office","Family Office","Munich, Germany","deutsche-oppenheim.de","folk-european-family-offices-founders"
"Hassium Asset Management","Family Office","London, United Kingdom","hassium.co.uk","folk-european-family-offices-founders"
"Potential VC","Family Office","London, United Kingdom","potential.vc","folk-european-family-offices-founders"
"Caledonia Investments","Family Office","London, United Kingdom","caledonia.com","folk-european-family-offices-founders"
"Gowen Family Office","Family Office","Geneva, Switzerland","","folk-european-family-offices-founders"
"Entrepreneurs Fund","Family Office","London, United Kingdom","entrepreneursfund.com","folk-european-family-offices-founders"
"Exor","Family Office","Amsterdam, Netherlands","exor.com","folk-european-family-offices-founders"
"Seyer & Partner","Family Office","Vienna, Austria","seyer-partner.com","folk-european-family-offices-founders"
"Unigestion","Family Office","Geneva, Switzerland","unigestion.com","folk-european-family-offices-founders"
"Harald Quandt Holding","Family Office","Bad Homburg vor der Höhe, Germany","haraldquandt.de","folk-european-family-offices-founders"
"THI Investments","Family Office","Stuttgart, Germany","thi-investments.com","folk-european-family-offices-founders"
"Smedvig Capital","Family Office","London, United Kingdom","smedvigcapital.com","folk-european-family-offices-founders"
"Jacobs Holding","Family Office","Zurich, Switzerland","jacobsag.ch","folk-european-family-offices-founders"
"Hamburg Family Office (HFO)","Family Office","Hamburg, Germany","hamburg-family-office.com","folk-european-family-offices-founders"
"Moor","Family Office","Stockholm, Sweden","moorcap.com","folk-european-family-offices-founders"
"Univest","Family Office","Basel, Switzerland","univest.ch","folk-european-family-offices-founders"
"Cottonfield Family Office","Family Office","Zurich, Switzerland","cottonfield.ch","folk-european-family-offices-founders"
"faktum-b","Family Office","Frankfurt, Germany","faktum-b.de","folk-european-family-offices-founders"
"1782 group","Family Office","Geneva, Switzerland","1782group.com","folk-european-family-offices-founders"
"Charlotte Street Capital","Family Office","London, United Kingdom","charlottestreetcapital.com","folk-european-family-offices-founders"
"Backershage B.V.","Family Office","Bussum, Netherlands","backershage.com","folk-european-family-offices-founders"
"tB Capital","Family Office","Varsseveld, Netherlands","tbcapital.nl","folk-european-family-offices-founders"
"GHP Arbitrium","Family Office","Zurich, Switzerland","ghp-arbitrium.ch","folk-european-family-offices-founders"
"Ramiz Haddad Family Office","Family Office","Hamburg, Germany","","folk-european-family-offices-founders"
"Berlin Ventures","Family Office","Berlin, Germany","berlinventures.com","folk-european-family-offices-founders"
"Rianta Capital","Family Office","Zurich, Switzerland","","folk-european-family-offices-founders"
"Kehrli & Zehnder Global Wealth Management","Family Office","Zurich, Switzerland","kehrlizehnder.com","folk-european-family-offices-founders"
"Praxis","Family Office","Antwerp, Belgium","praxisnv.be","folk-european-family-offices-founders"
"ACE & Company","Family Office","London, United Kingdom","aceandcompany.com","folk-european-family-offices-founders"
"Hartwall Capital","Family Office","Helsinki, Finland","hartwallcapital.fi","folk-european-family-offices-founders"
"Spudy & Co. Family Office","Family Office","Hamburg, Germany","spudy.com","folk-european-family-offices-founders"
"U-Start","Family Office","Lugano, Switzerland","u-start.biz","folk-european-family-offices-founders"
"Alta Advisers Limited","Family Office","London, United Kingdom","","folk-european-family-offices-founders"
"Fortiori Family Office","Family Office","Zug, Switzerland","fortiori.ch","folk-european-family-offices-founders"
"Ferguson Partners Family Office","Family Office","London, United Kingdom","ferguson.ch","folk-european-family-offices-founders"
"Lagane Family Office","Family Office","Geneva, Switzerland","l-fo.ch","folk-european-family-offices-founders"
"Octogone Family Office","Family Office","Geneva, Switzerland","octogone.ch","folk-european-family-offices-founders"
"SandAire","Family Office","London, United Kingdom","sandaire.com","folk-european-family-offices-founders"
"TFO Family Office","Family Office","Bensheim, Germany","tfo.de","folk-european-family-offices-founders"
"Stonehage Fleming","Family Office","Zurich, Switzerland","stonehagefleming.com","folk-european-family-offices-founders"
"Salsano Family Office","Family Office","London, United Kingdom","salsanofamily.com","folk-european-family-offices-founders"
"Grazia Equity","Family Office","Stuttgart, Germany","grazia.com","folk-european-family-offices-founders"
"Capital Generation Partners","Family Office","London, United Kingdom","capgenpartners.com","folk-european-family-offices-founders"
"Londinium Family Office","Family Office","Dublin, Ireland","londinium.ie","folk-european-family-offices-founders"
"Beacon Capital - London based tech VC","Family Office","London, United Kingdom","beaconcapital.co.uk","folk-european-family-offices-founders"
"Gaydoul Group","Family Office","Friesbach, Switzerland","gaydoul-group.ch","folk-european-family-offices-founders"
"SMC Trust Office","Family Office","Ascona, Switzerland","smctrust.ch","folk-european-family-offices-founders"
"Murray Family Office Limited","Family Office","St Helier, Jersey","","folk-european-family-offices-founders"
"de Pury Pictet Turrettini & Sie","Family Office","Geneva, Switzerland","ppt.ch","folk-european-family-offices-founders"
"Rancilio Cube","Family Office","Milano, Italy","ranciliocube.com","folk-european-family-offices-founders"
"Cabiedes & Partners","Family Office","Madrid, Spain","cabiedesandpartners.com","folk-european-family-offices-founders"
"bfu","Family Office","Koblenz, Germany","bfu.de","folk-european-family-offices-founders"
"IHAG Holding","Family Office","Zurich, Switzerland","ihagholding.ch","folk-european-family-offices-founders"
"EQT Ventures","Family Office","Stockholm, Sweden","eqtventures.com","folk-european-family-offices-founders"
"1875 Finance","Family Office","Geneva, Switzerland","1875.ch","folk-european-family-offices-founders"
"Panthera Private Office","Family Office","London, United Kingdom","panthera.co.uk","folk-european-family-offices-founders"